Erro ao enviar e-mail: russellwolfe@example.net error: (535, b'5.7.3 Authentication unsuccessful [CP5P284CA0044.BRAP284.PROD.OUTLOOK.COM 2024-04-02T17:36:38.430Z 08DC51F7C77509B8]')
Erro ao enviar e-mail: janet95@example.com error: (535, b'5.7.3 Authentication unsuccessful [CP0PR80CA0015.lamprd80.prod.outlook.com 2024-04-02T17:36:38.848Z 08DC514884DA1DFF]')
Erro ao enviar e-mail: linmichael@example.com error: (535, b'5.7.3 Authentication unsuccessful [CP5P284CA0038.BRAP284.PROD.OUTLOOK.COM 2024-04-02T17:36:39.466Z 08DC52561DB6C1AE]')
Erro ao enviar e-mail: lisa11@example.net error: (535, b'5.7.3 Authentication unsuccessful [CP5P284CA0037.BRAP284.PROD.OUTLOOK.COM 2024-04-02T17:36:39.829Z 08DC525424CCF8AC]')
Erro ao enviar e-mail: angela12@example.com error: (535, b'5.7.3 Authentication unsuccessful [CP5P284CA0054.BRAP284.PROD.OUTLOOK.COM 2024-04-02T17:36:39.987Z 08DC5149A2A58E0C]')
Erro ao enviar e-mail: annabrown@example.org error: (535, b'5.7.3 Authentication unsuccessful [CP5P284CA0043.BRAP284.PROD.OUTLOOK.COM 2024-04-02T17:36:40.016Z 08DC52EB6E7FE64F]')
Erro ao enviar e-mail: urangel@example.org error: (535, b'5.7.3 Authentication unsuccessful [CP5P284CA0051.BRAP284.PROD.OUTLOOK.COM 2024-04-02T17:36:39.962Z 08DC51C9D2288987]')
Erro ao enviar e-mail: erindavis@example.com error: (535, b'5.7.3 Authentication unsuccessful [CP5P284CA0043.BRAP284.PROD.OUTLOOK.COM 2024-04-02T17:36:40.313Z 08DC52EB6E7FE645]')
Erro ao enviar e-mail: douglasevans@example.net error: (535, b'5.7.3 Authentication unsuccessful [CP5P284CA0050.BRAP284.PROD.OUTLOOK.COM 2024-04-02T17:36:41.445Z 08DC51F3C6EE12B5]')
Erro ao enviar e-mail: snichols@example.net error: (535, b'5.7.3 Authentication unsuccessful [CP5P284CA0041.BRAP284.PROD.OUTLOOK.COM 2024-04-02T17:36:42.765Z 08DC52BE29D55052]')
Erro ao enviar e-mail: vargasdaniel@example.org error: (535, b'5.7.3 Authentication unsuccessful [CP5P284CA0049.BRAP284.PROD.OUTLOOK.COM 2024-04-02T17:36:43.358Z 08DC530D05DC2373]')
Erro ao enviar e-mail: masondavid@example.com error: (535, b'5.7.3 Authentication unsuccessful [CP5P284CA0045.BRAP284.PROD.OUTLOOK.COM 2024-04-02T17:36:43.404Z 08DC519ECA9C4906]')
Erro ao enviar e-mail: rschmidt@example.net error: (535, b'5.7.3 Authentication unsuccessful [CP5P284CA0041.BRAP284.PROD.OUTLOOK.COM 2024-04-02T17:36:43.139Z 08DC52BE29D55045]')
Erro ao enviar e-mail: westjeremy@example.com error: (535, b'5.7.3 Authentication unsuccessful [CP5P284CA0053.BRAP284.PROD.OUTLOOK.COM 2024-04-02T17:36:43.417Z 08DC522649FCC25A]')
Erro ao enviar e-mail: reedjohn@example.com error: (535, b'5.7.3 Authentication unsuccessful [CP5P284CA0042.BRAP284.PROD.OUTLOOK.COM 2024-04-02T17:36:43.444Z 08DC52E159FEC769]')Erro ao enviar e-mail: melissa18@example.net error: (535, b'5.7.3 Authentication unsuccessful [CP5P284CA0042.BRAP284.PROD.OUTLOOK.COM 2024-04-02T17:36:43.616Z 08DC52E159FEC760]')

Erro ao enviar e-mail: martinkevin@example.org error: (535, b'5.7.3 Authentication unsuccessful [CP5P284CA0037.BRAP284.PROD.OUTLOOK.COM 2024-04-02T17:36:43.861Z 08DC525424CCF8BB]')
Erro ao enviar e-mail: hancockfrank@example.net error: (535, b'5.7.3 Authentication unsuccessful [CP5P284CA0041.BRAP284.PROD.OUTLOOK.COM 2024-04-02T17:36:44.077Z 08DC52BE29D5504E]')
Erro ao enviar e-mail: walkerdavid@example.org error: (535, b'5.7.3 Authentication unsuccessful [CP5P284CA0047.BRAP284.PROD.OUTLOOK.COM 2024-04-02T17:36:44.431Z 08DC52B9443B643F]')
Erro ao enviar e-mail: bellashley@example.com error: (535, b'5.7.3 Authentication unsuccessful [CP5P284CA0052.BRAP284.PROD.OUTLOOK.COM 2024-04-02T17:36:44.235Z 08DC51C5ABC6B56D]')
Erro ao enviar e-mail: jimmy26@example.net error: (535, b'5.7.3 Authentication unsuccessful [CP5P284CA0040.BRAP284.PROD.OUTLOOK.COM 2024-04-02T17:36:44.761Z 08DC5174CB26938C]')
Erro ao enviar e-mail: nancyrios@example.com error: (535, b'5.7.3 Authentication unsuccessful [CP5P284CA0040.BRAP284.PROD.OUTLOOK.COM 2024-04-02T17:36:45.136Z 08DC5174CB269395]')
Erro ao enviar e-mail: fnixon@example.com error: (535, b'5.7.3 Authentication unsuccessful [CP5P284CA0048.BRAP284.PROD.OUTLOOK.COM 2024-04-02T17:36:45.181Z 08DC519DE6FB7ABE]')Erro ao enviar e-mail: arobinson@example.com error: (535, b'5.7.3 Authentication unsuccessful [CP5P284CA0040.BRAP284.PROD.OUTLOOK.COM 2024-04-02T17:36:44.043Z 08DC5174CB269384]')
Erro ao enviar e-mail: awatson@example.org error: (535, b'5.7.3 Authentication unsuccessful [CP5P284CA0039.BRAP284.PROD.OUTLOOK.COM 2024-04-02T17:36:45.172Z 08DC531A6D09CA46]')
Erro ao enviar e-mail: lambertamy@example.net error: (535, b'5.7.3 Authentication unsuccessful [CP5P284CA0053.BRAP284.PROD.OUTLOOK.COM 2024-04-02T17:36:46.089Z 08DC522649FCC26B]')

Erro ao enviar e-mail: csmith@example.net error: (535, b'5.7.3 Authentication unsuccessful [CP5P284CA0048.BRAP284.PROD.OUTLOOK.COM 2024-04-02T17:36:45.946Z 08DC519DE6FB7ACC]')
Erro ao enviar e-mail: clayjennifer@example.net error: (535, b'5.7.3 Authentication unsuccessful [CP5P284CA0046.BRAP284.PROD.OUTLOOK.COM 2024-04-02T17:36:46.357Z 08DC51736BF2FC53]')Erro ao enviar e-mail: cdouglas@example.com error: (535, b'5.7.3 Authentication unsuccessful [CP5P284CA0053.BRAP284.PROD.OUTLOOK.COM 2024-04-02T17:36:45.933Z 08DC522649FCC268]')
Erro ao enviar e-mail: dmullins@example.org error: (535, b'5.7.3 Authentication unsuccessful [CP5P284CA0045.BRAP284.PROD.OUTLOOK.COM 2024-04-02T17:36:46.873Z 08DC519ECA9C4928]')

Erro ao enviar e-mail: fjackson@example.org error: (535, b'5.7.3 Authentication unsuccessful [CP5P284CA0046.BRAP284.PROD.OUTLOOK.COM 2024-04-02T17:36:49.653Z 08DC51736BF2FC60]')
Erro ao enviar e-mail: wallen@example.com error: (535, b'5.7.3 Authentication unsuccessful [CP5P284CA0039.BRAP284.PROD.OUTLOOK.COM 2024-04-02T17:36:49.797Z 08DC531A6D09CA56]')
Erro ao enviar e-mail: wintersthomas@example.org error: (535, b'5.7.3 Authentication unsuccessful [CP5P284CA0044.BRAP284.PROD.OUTLOOK.COM 2024-04-02T17:36:50.665Z 08DC51F7C77509F8]')
Erro ao enviar e-mail: kevinwarren@example.org error: (535, b'5.7.3 Authentication unsuccessful [CP5P284CA0052.BRAP284.PROD.OUTLOOK.COM 2024-04-02T17:36:48.782Z 08DC51C5ABC6B57B]')
Erro ao enviar e-mail: amanda94@example.com error: (535, b'5.7.3 Authentication unsuccessful [CP5P284CA0051.BRAP284.PROD.OUTLOOK.COM 2024-04-02T17:36:49.807Z 08DC51C9D22889A9]')
Erro ao enviar e-mail: mmason@example.com error: (535, b'5.7.3 Authentication unsuccessful [CP5P284CA0054.BRAP284.PROD.OUTLOOK.COM 2024-04-02T17:36:51.800Z 08DC5149A2A58E1F]')
Erro ao enviar e-mail: snowmichael@example.com error: (535, b'5.7.3 Authentication unsuccessful [CP5P284CA0037.BRAP284.PROD.OUTLOOK.COM 2024-04-02T17:36:51.408Z 08DC525424CCF8D0]')
Erro ao enviar e-mail: banksgabrielle@example.com error: (535, b'5.7.3 Authentication unsuccessful [CP5P284CA0050.BRAP284.PROD.OUTLOOK.COM 2024-04-02T17:36:53.618Z 08DC51F3C6EE12ED]')
Erro ao enviar e-mail: gregorymaxwell@example.com error: (535, b'5.7.3 Authentication unsuccessful [CP5P284CA0051.BRAP284.PROD.OUTLOOK.COM 2024-04-02T17:36:53.791Z 08DC51C9D22889BB]')
Erro ao enviar e-mail: sanderson@example.com error: (535, b'5.7.3 Authentication unsuccessful [CP5P284CA0050.BRAP284.PROD.OUTLOOK.COM 2024-04-02T17:36:54.899Z 08DC51F3C6EE12DD]')
Erro ao enviar e-mail: ryan10@example.net error: (535, b'5.7.3 Authentication unsuccessful [CP5P284CA0043.BRAP284.PROD.OUTLOOK.COM 2024-04-02T17:36:55.735Z 08DC52EB6E7FE695]')Erro ao enviar e-mail: vrussell@example.net error: (535, b'5.7.3 Authentication unsuccessful [CP5P284CA0038.BRAP284.PROD.OUTLOOK.COM 2024-04-02T17:36:55.576Z 08DC52561DB6C1BD]')
Erro ao enviar e-mail: alexandra39@example.org error: (535, b'5.7.3 Authentication unsuccessful [CP5P284CA0044.BRAP284.PROD.OUTLOOK.COM 2024-04-02T17:36:55.712Z 08DC51F7C77509E7]')
Erro ao enviar e-mail: reyesdonna@example.org error: (535, b'5.7.3 Authentication unsuccessful [CP5P284CA0054.BRAP284.PROD.OUTLOOK.COM 2024-04-02T17:36:55.800Z 08DC5149A2A58E25]')
Erro ao enviar e-mail: zhayden@example.org error: (535, b'5.7.3 Authentication unsuccessful [CP5P284CA0038.BRAP284.PROD.OUTLOOK.COM 2024-04-02T17:36:55.279Z 08DC52561DB6C1C0]')
Erro ao enviar e-mail: hyoung@example.org error: (535, b'5.7.3 Authentication unsuccessful [CP5P284CA0044.BRAP284.PROD.OUTLOOK.COM 2024-04-02T17:36:56.446Z 08DC51F7C77509F9]')

Erro ao enviar e-mail: mitchellmichael@example.com error: (535, b'5.7.3 Authentication unsuccessful [CP5P284CA0043.BRAP284.PROD.OUTLOOK.COM 2024-04-02T17:36:57.047Z 08DC52EB6E7FE690]')
Erro ao enviar e-mail: timothykane@example.net error: (535, b'5.7.3 Authentication unsuccessful [CP5P284CA0043.BRAP284.PROD.OUTLOOK.COM 2024-04-02T17:36:55.860Z 08DC52EB6E7FE674]')
Erro ao enviar e-mail: rboyd@example.com error: (535, b'5.7.3 Authentication unsuccessful [CP5P284CA0037.BRAP284.PROD.OUTLOOK.COM 2024-04-02T17:36:57.487Z 08DC525424CCF8D7]')
Erro ao enviar e-mail: oturner@example.org error: (535, b'5.7.3 Authentication unsuccessful [CP5P284CA0020.BRAP284.PROD.OUTLOOK.COM 2024-04-02T17:36:57.760Z 08DC5150EAAFD3E2]')
Erro ao enviar e-mail: tgeorge@example.com error: (535, b'5.7.3 Authentication unsuccessful [CP5P284CA0047.BRAP284.PROD.OUTLOOK.COM 2024-04-02T17:36:59.103Z 08DC52B9443B6455]')
Erro ao enviar e-mail: marysanchez@example.org error: (535, b'5.7.3 Authentication unsuccessful [CP5P284CA0021.BRAP284.PROD.OUTLOOK.COM 2024-04-02T17:36:59.439Z 08DC515438464812]')
Erro ao enviar e-mail: garciamakayla@example.net error: (535, b'5.7.3 Authentication unsuccessful [CP5P284CA0041.BRAP284.PROD.OUTLOOK.COM 2024-04-02T17:36:57.124Z 08DC52BE29D5507C]')
Erro ao enviar e-mail: kellybrent@example.net error: (535, b'5.7.3 Authentication unsuccessful [CP6P284CA0104.BRAP284.PROD.OUTLOOK.COM 2024-04-02T17:37:00.015Z 08DC51893C1DD6CD]')
Erro ao enviar e-mail: sabrinalane@example.net error: (535, b'5.7.3 Authentication unsuccessful [CP5P284CA0042.BRAP284.PROD.OUTLOOK.COM 2024-04-02T17:37:00.022Z 08DC52E159FEC782]')
Erro ao enviar e-mail: griffinkevin@example.net error: (535, b'5.7.3 Authentication unsuccessful [CP5P284CA0045.BRAP284.PROD.OUTLOOK.COM 2024-04-02T17:37:00.389Z 08DC519ECA9C4936]')
Erro ao enviar e-mail: sflores@example.net error: (535, b'5.7.3 Authentication unsuccessful [CP5P284CA0032.BRAP284.PROD.OUTLOOK.COM 2024-04-02T17:37:00.093Z 08DC517E883B15C0]')Erro ao enviar e-mail: haileycarter@example.net error: (535, b'5.7.3 Authentication unsuccessful [CP5P284CA0054.BRAP284.PROD.OUTLOOK.COM 2024-04-02T17:37:00.441Z 08DC5149A2A58E30]')

Erro ao enviar e-mail: duncanjames@example.org error: (535, b'5.7.3 Authentication unsuccessful [CP6P284CA0096.BRAP284.PROD.OUTLOOK.COM 2024-04-02T17:37:00.913Z 08DC51B41434ECEF]')
Erro ao enviar e-mail: rachelrangel@example.com error: (535, b'5.7.3 Authentication unsuccessful [CP6P284CA0105.BRAP284.PROD.OUTLOOK.COM 2024-04-02T17:37:00.480Z 08DC516FA83A81A8]')
Erro ao enviar e-mail: william36@example.org error: (535, b'5.7.3 Authentication unsuccessful [CP5P284CA0031.BRAP284.PROD.OUTLOOK.COM 2024-04-02T17:37:01.088Z 08DC51403BCDFB04]')
Erro ao enviar e-mail: aanthony@example.com error: (535, b'5.7.3 Authentication unsuccessful [CP5P284CA0028.BRAP284.PROD.OUTLOOK.COM 2024-04-02T17:37:01.041Z 08DC517359946D03]')
Erro ao enviar e-mail: eric68@example.org error: (535, b'5.7.3 Authentication unsuccessful [CP5P284CA0029.BRAP284.PROD.OUTLOOK.COM 2024-04-02T17:37:02.211Z 08DC51341BA4BF6E]')
Erro ao enviar e-mail: ganderson@example.org error: (535, b'5.7.3 Authentication unsuccessful [CP5P284CA0028.BRAP284.PROD.OUTLOOK.COM 2024-04-02T17:37:02.353Z 08DC517359946D02]')
Erro ao enviar e-mail: christopher91@example.net error: (535, b'5.7.3 Authentication unsuccessful [CP5P284CA0022.BRAP284.PROD.OUTLOOK.COM 2024-04-02T17:37:02.553Z 08DC518490DD2D71]')
Erro ao enviar e-mail: sarah42@example.com error: (535, b'5.7.3 Authentication unsuccessful [CP5P284CA0023.BRAP284.PROD.OUTLOOK.COM 2024-04-02T17:37:02.868Z 08DC517BEE895ABA]')
Erro ao enviar e-mail: christopher37@example.org error: (535, b'5.7.3 Authentication unsuccessful [CP5P284CA0022.BRAP284.PROD.OUTLOOK.COM 2024-04-02T17:37:03.318Z 08DC518490DD2D75]')
Erro ao enviar e-mail: matthewwoodward@example.org error: (535, b'5.7.3 Authentication unsuccessful [CP5P284CA0047.BRAP284.PROD.OUTLOOK.COM 2024-04-02T17:37:04.213Z 08DC52B9443B645D]')Erro ao enviar e-mail: amoss@example.com error: (535, b'5.7.3 Authentication unsuccessful [CP5P284CA0046.BRAP284.PROD.OUTLOOK.COM 2024-04-02T17:37:04.233Z 08DC51736BF2FC6A]')
Erro ao enviar e-mail: carriegrant@example.com error: (535, b'5.7.3 Authentication unsuccessful [CP5P284CA0045.BRAP284.PROD.OUTLOOK.COM 2024-04-02T17:37:04.686Z 08DC519ECA9C493E]')
Erro ao enviar e-mail: marcuswilson@example.org error: (535, b'5.7.3 Authentication unsuccessful [CP5P284CA0042.BRAP284.PROD.OUTLOOK.COM 2024-04-02T17:37:04.726Z 08DC52E159FEC791]')

Erro ao enviar e-mail: reedjames@example.com error: (535, b'5.7.3 Authentication unsuccessful [CP5P284CA0026.BRAP284.PROD.OUTLOOK.COM 2024-04-02T17:37:05.241Z 08DC5148E1B8C3D7]')
Erro ao enviar e-mail: spencerjill@example.net error: (535, b'5.7.3 Authentication unsuccessful [CP6P284CA0099.BRAP284.PROD.OUTLOOK.COM 2024-04-02T17:37:05.099Z 08DC51BE8799F74D]')
Erro ao enviar e-mail: llopez@example.org error: (535, b'5.7.3 Authentication unsuccessful [CP5P284CA0049.BRAP284.PROD.OUTLOOK.COM 2024-04-02T17:37:06.124Z 08DC530D05DC239C]')
Erro ao enviar e-mail: jason79@example.net error: (535, b'5.7.3 Authentication unsuccessful [CP5P284CA0027.BRAP284.PROD.OUTLOOK.COM 2024-04-02T17:37:06.900Z 08DC5158D9D451C7]')
Erro ao enviar e-mail: evan03@example.net error: (535, b'5.7.3 Authentication unsuccessful [CP6P284CA0097.BRAP284.PROD.OUTLOOK.COM 2024-04-02T17:37:07.371Z 08DC515ADC2B892C]')
Erro ao enviar e-mail: jimenezmichael@example.org error: (535, b'5.7.3 Authentication unsuccessful [CP5P284CA0030.BRAP284.PROD.OUTLOOK.COM 2024-04-02T17:37:07.949Z 08DC515C6A2A1133]')
Erro ao enviar e-mail: yrose@example.net error: (535, b'5.7.3 Authentication unsuccessful [CP6P284CA0099.BRAP284.PROD.OUTLOOK.COM 2024-04-02T17:37:08.349Z 08DC51BE8799F75C]')
Erro ao enviar e-mail: sarah10@example.org error: (535, b'5.7.3 Authentication unsuccessful [CP6P284CA0103.BRAP284.PROD.OUTLOOK.COM 2024-04-02T17:37:08.240Z 08DC5193CA99B995]')
Erro ao enviar e-mail: ambervega@example.org error: (535, b'5.7.3 Authentication unsuccessful [CP5P284CA0031.BRAP284.PROD.OUTLOOK.COM 2024-04-02T17:37:08.260Z 08DC51403BCDFB0E]')
Erro ao enviar e-mail: kwilson@example.net error: (535, b'5.7.3 Authentication unsuccessful [CP5P284CA0029.BRAP284.PROD.OUTLOOK.COM 2024-04-02T17:37:08.211Z 08DC51341BA4BF76]')
Erro ao enviar e-mail: reyesjoseph@example.net error: (535, b'5.7.3 Authentication unsuccessful [CP5P284CA0032.BRAP284.PROD.OUTLOOK.COM 2024-04-02T17:37:08.219Z 08DC517E883B15D3]')
Erro ao enviar e-mail: kathleen33@example.org error: (535, b'5.7.3 Authentication unsuccessful [CP5P284CA0030.BRAP284.PROD.OUTLOOK.COM 2024-04-02T17:37:08.216Z 08DC515C6A2A1128]')
Erro ao enviar e-mail: alicia28@example.com error: (535, b'5.7.3 Authentication unsuccessful [CP5P284CA0023.BRAP284.PROD.OUTLOOK.COM 2024-04-02T17:37:08.322Z 08DC517BEE895AC6]')
Erro ao enviar e-mail: amcdonald@example.com error: (535, b'5.7.3 Authentication unsuccessful [CP5P284CA0027.BRAP284.PROD.OUTLOOK.COM 2024-04-02T17:37:08.525Z 08DC5158D9D451C9]')
Erro ao enviar e-mail: henryhernandez@example.com error: (535, b'5.7.3 Authentication unsuccessful [CP5P284CA0028.BRAP284.PROD.OUTLOOK.COM 2024-04-02T17:37:09.010Z 08DC517359946D1D]')
Erro ao enviar e-mail: andrew95@example.com error: (535, b'5.7.3 Authentication unsuccessful [CP5P284CA0031.BRAP284.PROD.OUTLOOK.COM 2024-04-02T17:37:09.026Z 08DC51403BCDFB16]')
Erro ao enviar e-mail: brownelizabeth@example.net error: (535, b'5.7.3 Authentication unsuccessful [CP5P284CA0028.BRAP284.PROD.OUTLOOK.COM 2024-04-02T17:37:08.838Z 08DC517359946D1B]')
Erro ao enviar e-mail: hwilliams@example.org error: (535, b'5.7.3 Authentication unsuccessful [CP5P284CA0029.BRAP284.PROD.OUTLOOK.COM 2024-04-02T17:37:09.337Z 08DC51341BA4BF85]')
Erro ao enviar e-mail: aaron97@example.org error: (535, b'5.7.3 Authentication unsuccessful [CP5P284CA0032.BRAP284.PROD.OUTLOOK.COM 2024-04-02T17:37:09.344Z 08DC517E883B15DB]')
Erro ao enviar e-mail: tannerwilliams@example.com error: (535, b'5.7.3 Authentication unsuccessful [CP5P284CA0024.BRAP284.PROD.OUTLOOK.COM 2024-04-02T17:37:09.785Z 08DC5175CE856CE7]')
Erro ao enviar e-mail: michaelclay@example.org error: (535, b'5.7.3 Authentication unsuccessful [CP5P284CA0033.BRAP284.PROD.OUTLOOK.COM 2024-04-02T17:37:10.124Z 08DC513F4C67D3C8]')
Erro ao enviar e-mail: kevin79@example.com error: (535, b'5.7.3 Authentication unsuccessful [CP5P284CA0034.BRAP284.PROD.OUTLOOK.COM 2024-04-02T17:37:10.457Z 08DC51490BCC0888]')
Erro ao enviar e-mail: atkinslynn@example.net error: (535, b'5.7.3 Authentication unsuccessful [CP5P284CA0030.BRAP284.PROD.OUTLOOK.COM 2024-04-02T17:37:11.074Z 08DC515C6A2A113A]')Erro ao enviar e-mail: webblinda@example.com error: (535, b'5.7.3 Authentication unsuccessful [CP6P284CA0095.BRAP284.PROD.OUTLOOK.COM 2024-04-02T17:37:10.984Z 08DC516528D779AE]')
Erro ao enviar e-mail: douglas50@example.net error: (535, b'5.7.3 Authentication unsuccessful [CP6P284CA0098.BRAP284.PROD.OUTLOOK.COM 2024-04-02T17:37:11.433Z 08DC51C81661AB4B]')
Erro ao enviar e-mail: markolsen@example.com error: (535, b'5.7.3 Authentication unsuccessful [CP5P284CA0032.BRAP284.PROD.OUTLOOK.COM 2024-04-02T17:37:11.922Z 08DC517E883B15E7]')
Erro ao enviar e-mail: smithdenise@example.com error: (535, b'5.7.3 Authentication unsuccessful [CP5P284CA0025.BRAP284.PROD.OUTLOOK.COM 2024-04-02T17:37:11.968Z 08DC516AB645F1B3]')
Erro ao enviar e-mail: bryanvaughn@example.com error: (535, b'5.7.3 Authentication unsuccessful [CP5P284CA0029.BRAP284.PROD.OUTLOOK.COM 2024-04-02T17:37:11.134Z 08DC51341BA4BF87]')Erro ao enviar e-mail: mjohnson@example.org error: (535, b'5.7.3 Authentication unsuccessful [CP5P284CA0030.BRAP284.PROD.OUTLOOK.COM 2024-04-02T17:37:11.918Z 08DC515C6A2A113D]')
Erro ao enviar e-mail: dianawalker@example.net error: (535, b'5.7.3 Authentication unsuccessful [CP5P284CA0033.BRAP284.PROD.OUTLOOK.COM 2024-04-02T17:37:12.108Z 08DC513F4C67D3CB]')
Erro ao enviar e-mail: ronald97@example.org error: (535, b'5.7.3 Authentication unsuccessful [CP5P284CA0033.BRAP284.PROD.OUTLOOK.COM 2024-04-02T17:37:12.202Z 08DC513F4C67D3D9]')

Erro ao enviar e-mail: michael41@example.net error: (535, b'5.7.3 Authentication unsuccessful [CP6P284CA0098.BRAP284.PROD.OUTLOOK.COM 2024-04-02T17:37:12.151Z 08DC51C81661AB4C]')
Erro ao enviar e-mail: rodriguezmichael@example.net error: (535, b'5.7.3 Authentication unsuccessful [CP6P284CA0096.BRAP284.PROD.OUTLOOK.COM 2024-04-02T17:37:11.976Z 08DC51B41434ED0F]')
Erro ao enviar e-mail: brendafigueroa@example.net error: (535, b'5.7.3 Authentication unsuccessful [CP5P284CA0024.BRAP284.PROD.OUTLOOK.COM 2024-04-02T17:37:11.988Z 08DC5175CE856CEB]')
Erro ao enviar e-mail: nburns@example.org error: (535, b'5.7.3 Authentication unsuccessful [CP5P284CA0034.BRAP284.PROD.OUTLOOK.COM 2024-04-02T17:37:13.395Z 08DC51490BCC0896]')Erro ao enviar e-mail: julie91@example.net error: (535, b'5.7.3 Authentication unsuccessful [CP6P284CA0099.BRAP284.PROD.OUTLOOK.COM 2024-04-02T17:37:13.255Z 08DC51BE8799F770]')
Erro ao enviar e-mail: jenkinschristine@example.org error: (535, b'5.7.3 Authentication unsuccessful [CP4P284CA0004.BRAP284.PROD.OUTLOOK.COM 2024-04-02T17:37:12.958Z 08DC52BB14C85667]')
Erro ao enviar e-mail: rgarcia@example.com error: (535, b'5.7.3 Authentication unsuccessful [CP5P284CA0034.BRAP284.PROD.OUTLOOK.COM 2024-04-02T17:37:13.551Z 08DC51490BCC089A]')

Erro ao enviar e-mail: sanchezbianca@example.org error: (535, b'5.7.3 Authentication unsuccessful [CP5P284CA0031.BRAP284.PROD.OUTLOOK.COM 2024-04-02T17:37:12.167Z 08DC51403BCDFB2A]')

Erro ao enviar e-mail: kelleyerica@example.com error: (535, b'5.7.3 Authentication unsuccessful [CP5P284CA0025.BRAP284.PROD.OUTLOOK.COM 2024-04-02T17:37:12.718Z 08DC516AB645F1C1]')
Erro ao enviar e-mail: mark26@example.org error: (535, b'5.7.3 Authentication unsuccessful [CP5P284CA0035.BRAP284.PROD.OUTLOOK.COM 2024-04-02T17:37:12.057Z 08DC5162C69947FB]')
Erro ao enviar e-mail: xbutler@example.com error: (535, b'5.7.3 Authentication unsuccessful [CP5P284CA0026.BRAP284.PROD.OUTLOOK.COM 2024-04-02T17:37:14.476Z 08DC5148E1B8C400]')
Erro ao enviar e-mail: stanleywilson@example.org error: (535, b'5.7.3 Authentication unsuccessful [CP3P284CA0145.BRAP284.PROD.OUTLOOK.COM 2024-04-02T17:37:14.462Z 08DC5198646CE22B]')
Erro ao enviar e-mail: cameron32@example.net error: (535, b'5.7.3 Authentication unsuccessful [CP3P284CA0143.BRAP284.PROD.OUTLOOK.COM 2024-04-02T17:37:14.896Z 08DC51FB340FD70E]')
Erro ao enviar e-mail: gregoryerica@example.com error: (535, b'5.7.3 Authentication unsuccessful [CP5P284CA0033.BRAP284.PROD.OUTLOOK.COM 2024-04-02T17:37:15.499Z 08DC513F4C67D3E4]')
Erro ao enviar e-mail: jacksonashley@example.com error: (535, b'5.7.3 Authentication unsuccessful [CP3P284CA0134.BRAP284.PROD.OUTLOOK.COM 2024-04-02T17:37:14.977Z 08DC5212ECA330E2]')
Erro ao enviar e-mail: myersalejandro@example.net error: (535, b'5.7.3 Authentication unsuccessful [CP3P284CA0132.BRAP284.PROD.OUTLOOK.COM 2024-04-02T17:37:15.314Z 08DC5313222E22FC]')
Erro ao enviar e-mail: vmendez@example.com error: (535, b'5.7.3 Authentication unsuccessful [CP3P284CA0144.BRAP284.PROD.OUTLOOK.COM 2024-04-02T17:37:15.255Z 08DC5188A33A3D27]')
Erro ao enviar e-mail: mary46@example.com error: (535, b'5.7.3 Authentication unsuccessful [CP4P284CA0016.BRAP284.PROD.OUTLOOK.COM 2024-04-02T17:37:15.923Z 08DC522156948469]')
Erro ao enviar e-mail: huertatimothy@example.net error: (535, b'5.7.3 Authentication unsuccessful [CP3P284CA0146.BRAP284.PROD.OUTLOOK.COM 2024-04-02T17:37:16.118Z 08DC5124637AB6DC]')
Erro ao enviar e-mail: michael72@example.org error: (535, b'5.7.3 Authentication unsuccessful [CP4P284CA0015.BRAP284.PROD.OUTLOOK.COM 2024-04-02T17:37:15.781Z 08DC51D27077FB90]')
Erro ao enviar e-mail: flowersolivia@example.net error: (535, b'5.7.3 Authentication unsuccessful [CP3P284CA0135.BRAP284.PROD.OUTLOOK.COM 2024-04-02T17:37:17.517Z 08DC51D92017747E]')
Erro ao enviar e-mail: reneehall@example.net error: (535, b'5.7.3 Authentication unsuccessful [CP3P284CA0144.BRAP284.PROD.OUTLOOK.COM 2024-04-02T17:37:17.458Z 08DC5188A33A3D28]')
Erro ao enviar e-mail: ryanwatson@example.net error: (535, b'5.7.3 Authentication unsuccessful [CP3P284CA0137.BRAP284.PROD.OUTLOOK.COM 2024-04-02T17:37:17.868Z 08DC51AB85217B4E]')
Erro ao enviar e-mail: glowe@example.net error: (535, b'5.7.3 Authentication unsuccessful [CP3P284CA0147.BRAP284.PROD.OUTLOOK.COM 2024-04-02T17:37:18.285Z 08DC5256623EF013]')
Erro ao enviar e-mail: alexander94@example.net error: (535, b'5.7.3 Authentication unsuccessful [CP3P284CA0136.BRAP284.PROD.OUTLOOK.COM 2024-04-02T17:37:18.311Z 08DC530FB00B23C8]')
Erro ao enviar e-mail: patricia42@example.org error: (535, b'5.7.3 Authentication unsuccessful [CP4P284CA0014.BRAP284.PROD.OUTLOOK.COM 2024-04-02T17:37:19.999Z 08DC51A0F5CDAD76]')
Erro ao enviar e-mail: davidsimmons@example.net error: (535, b'5.7.3 Authentication unsuccessful [CP3P284CA0145.BRAP284.PROD.OUTLOOK.COM 2024-04-02T17:37:19.603Z 08DC5198646CE22D]')
Erro ao enviar e-mail: april03@example.com error: (535, b'5.7.3 Authentication unsuccessful [CP5P284CA0032.BRAP284.PROD.OUTLOOK.COM 2024-04-02T17:37:20.095Z 08DC517E883B15EA]')
Erro ao enviar e-mail: oroberts@example.net error: (535, b'5.7.3 Authentication unsuccessful [CP3P284CA0143.BRAP284.PROD.OUTLOOK.COM 2024-04-02T17:37:21.318Z 08DC51FB340FD70F]')
Erro ao enviar e-mail: jennifer19@example.net error: (535, b'5.7.3 Authentication unsuccessful [CP3P284CA0146.BRAP284.PROD.OUTLOOK.COM 2024-04-02T17:37:22.348Z 08DC5124637AB6EB]')
Erro ao enviar e-mail: bkelley@example.net error: (535, b'5.7.3 Authentication unsuccessful [CP4P284CA0001.BRAP284.PROD.OUTLOOK.COM 2024-04-02T17:37:23.472Z 08DC50FA5506E8D7]')
Erro ao enviar e-mail: ronald88@example.com error: (535, b'5.7.3 Authentication unsuccessful [CP3P284CA0148.BRAP284.PROD.OUTLOOK.COM 2024-04-02T17:37:23.545Z 08DC52E2AA4D37BF]')
Erro ao enviar e-mail: campbelljill@example.net error: (535, b'5.7.3 Authentication unsuccessful [CP3P284CA0137.BRAP284.PROD.OUTLOOK.COM 2024-04-02T17:37:24.196Z 08DC51AB85217B53]')
Erro ao enviar e-mail: andre32@example.org error: (535, b'5.7.3 Authentication unsuccessful [CP3P284CA0145.BRAP284.PROD.OUTLOOK.COM 2024-04-02T17:37:24.806Z 08DC5198646CE238]')
Erro ao enviar e-mail: kenneth04@example.com error: (535, b'5.7.3 Authentication unsuccessful [CP3P284CA0146.BRAP284.PROD.OUTLOOK.COM 2024-04-02T17:37:25.149Z 08DC5124637AB6F0]')
Erro ao enviar e-mail: ginakerr@example.net error: (535, b'5.7.3 Authentication unsuccessful [CP3P284CA0144.BRAP284.PROD.OUTLOOK.COM 2024-04-02T17:37:26.912Z 08DC5188A33A3D32]')
Erro ao enviar e-mail: sullivansteven@example.com error: (535, b'5.7.3 Authentication unsuccessful [CP4P284CA0007.BRAP284.PROD.OUTLOOK.COM 2024-04-02T17:37:27.128Z 08DC52E263E6909B]')
Erro ao enviar e-mail: sabrina24@example.net error: (535, b'5.7.3 Authentication unsuccessful [CP3P284CA0146.BRAP284.PROD.OUTLOOK.COM 2024-04-02T17:37:27.821Z 08DC5124637AB6F7]')
Erro ao enviar e-mail: johnnyhess@example.org error: (535, b'5.7.3 Authentication unsuccessful [CP3P284CA0149.BRAP284.PROD.OUTLOOK.COM 2024-04-02T17:37:28.069Z 08DC51B0B3F149FB]')
Erro ao enviar e-mail: charlesmark@example.com error: (535, b'5.7.3 Authentication unsuccessful [CP3P284CA0138.BRAP284.PROD.OUTLOOK.COM 2024-04-02T17:37:28.285Z 08DC52625C9FF104]')
Erro ao enviar e-mail: woodsarah@example.com error: (535, b'5.7.3 Authentication unsuccessful [CP3P284CA0147.BRAP284.PROD.OUTLOOK.COM 2024-04-02T17:37:28.864Z 08DC5256623EF019]')
Erro ao enviar e-mail: nolancynthia@example.net error: (535, b'5.7.3 Authentication unsuccessful [CP4P284CA0013.BRAP284.PROD.OUTLOOK.COM 2024-04-02T17:37:29.595Z 08DC5175B9F9D3EF]')
Erro ao enviar e-mail: april91@example.org error: (535, b'5.7.3 Authentication unsuccessful [CP3P284CA0150.BRAP284.PROD.OUTLOOK.COM 2024-04-02T17:37:29.999Z 08DC52B814C36B15]')
Erro ao enviar e-mail: brianjohnson@example.net error: (535, b'5.7.3 Authentication unsuccessful [CP3P284CA0134.BRAP284.PROD.OUTLOOK.COM 2024-04-02T17:37:30.806Z 08DC5212ECA33104]')
Erro ao enviar e-mail: james66@example.org error: (535, b'5.7.3 Authentication unsuccessful [CP3P284CA0139.BRAP284.PROD.OUTLOOK.COM 2024-04-02T17:37:31.053Z 08DC5262012CBC83]')
Erro ao enviar e-mail: rhondataylor@example.com error: (535, b'5.7.3 Authentication unsuccessful [CP4P284CA0003.BRAP284.PROD.OUTLOOK.COM 2024-04-02T17:37:30.814Z 08DC52492038860C]')
Erro ao enviar e-mail: richard08@example.net error: (535, b'5.7.3 Authentication unsuccessful [CP3P284CA0148.BRAP284.PROD.OUTLOOK.COM 2024-04-02T17:37:31.373Z 08DC52E2AA4D37CE]')
Erro ao enviar e-mail: dakota93@example.org error: (535, b'5.7.3 Authentication unsuccessful [CP3P284CA0133.BRAP284.PROD.OUTLOOK.COM 2024-04-02T17:37:31.562Z 08DC51500D1C9A71]')
Erro ao enviar e-mail: smithmichael@example.net error: (535, b'5.7.3 Authentication unsuccessful [CP3P284CA0139.BRAP284.PROD.OUTLOOK.COM 2024-04-02T17:37:31.865Z 08DC5262012CBC85]')
Erro ao enviar e-mail: mahoneyandres@example.net error: (535, b'5.7.3 Authentication unsuccessful [CP3P284CA0148.BRAP284.PROD.OUTLOOK.COM 2024-04-02T17:37:31.561Z 08DC52E2AA4D37CC]')Erro ao enviar e-mail: mitchellmanuel@example.org error: (535, b'5.7.3 Authentication unsuccessful [CP3P284CA0134.BRAP284.PROD.OUTLOOK.COM 2024-04-02T17:37:32.556Z 08DC5212ECA33107]')

Erro ao enviar e-mail: christopherlawrence@example.com error: (535, b'5.7.3 Authentication unsuccessful [CP3P284CA0149.BRAP284.PROD.OUTLOOK.COM 2024-04-02T17:37:32.866Z 08DC51B0B3F14A09]')
Erro ao enviar e-mail: amandaramos@example.org error: (535, b'5.7.3 Authentication unsuccessful [CP3P284CA0141.BRAP284.PROD.OUTLOOK.COM 2024-04-02T17:37:33.216Z 08DC5128A5B21670]')
Erro ao enviar e-mail: mary43@example.org error: (535, b'5.7.3 Authentication unsuccessful [CP4P284CA0012.BRAP284.PROD.OUTLOOK.COM 2024-04-02T17:37:33.493Z 08DC51782A4E7577]')
Erro ao enviar e-mail: taylorjennifer@example.com error: (535, b'5.7.3 Authentication unsuccessful [CP3P284CA0150.BRAP284.PROD.OUTLOOK.COM 2024-04-02T17:37:33.578Z 08DC52B814C36B1F]')
Erro ao enviar e-mail: tdouglas@example.org error: (535, b'5.7.3 Authentication unsuccessful [CP4P284CA0013.BRAP284.PROD.OUTLOOK.COM 2024-04-02T17:37:33.798Z 08DC5175B9F9D40E]')
Erro ao enviar e-mail: parkerkatherine@example.org error: (535, b'5.7.3 Authentication unsuccessful [CP3P284CA0140.BRAP284.PROD.OUTLOOK.COM 2024-04-02T17:37:34.042Z 08DC51D231B8467E]')
Erro ao enviar e-mail: juan76@example.org error: (535, b'5.7.3 Authentication unsuccessful [CP3P284CA0121.BRAP284.PROD.OUTLOOK.COM 2024-04-02T17:37:34.342Z 08DC523A0E969138]')
Erro ao enviar e-mail: melissanelson@example.net error: (535, b'5.7.3 Authentication unsuccessful [CP3P284CA0147.BRAP284.PROD.OUTLOOK.COM 2024-04-02T17:37:33.817Z 08DC5256623EF024]')
Erro ao enviar e-mail: igeorge@example.com error: (535, b'5.7.3 Authentication unsuccessful [CP3P284CA0149.BRAP284.PROD.OUTLOOK.COM 2024-04-02T17:37:34.069Z 08DC51B0B3F14A05]')
Erro ao enviar e-mail: bridgesaaron@example.com error: (535, b'5.7.3 Authentication unsuccessful [CP3P284CA0140.BRAP284.PROD.OUTLOOK.COM 2024-04-02T17:37:34.323Z 08DC51D231B8468D]')
Erro ao enviar e-mail: meganbell@example.com error: (535, b'5.7.3 Authentication unsuccessful [CP3P284CA0149.BRAP284.PROD.OUTLOOK.COM 2024-04-02T17:37:34.335Z 08DC51B0B3F14A10]')
Erro ao enviar e-mail: kristinpatrick@example.com error: (535, b'5.7.3 Authentication unsuccessful [CP3P284CA0121.BRAP284.PROD.OUTLOOK.COM 2024-04-02T17:37:34.608Z 08DC523A0E969136]')
Erro ao enviar e-mail: dickersonjustin@example.net error: (535, b'5.7.3 Authentication unsuccessful [CP3P284CA0148.BRAP284.PROD.OUTLOOK.COM 2024-04-02T17:37:34.514Z 08DC52E2AA4D37DB]')
Erro ao enviar e-mail: amanda94@example.net error: (535, b'5.7.3 Authentication unsuccessful [CP3P284CA0150.BRAP284.PROD.OUTLOOK.COM 2024-04-02T17:37:34.312Z 08DC52B814C36B20]')
Erro ao enviar e-mail: april31@example.net error: (535, b'5.7.3 Authentication unsuccessful [CP5P284CA0149.BRAP284.PROD.OUTLOOK.COM 2024-04-02T17:37:35.282Z 08DC515E1124C7F4]')
Erro ao enviar e-mail: linda94@example.com error: (535, b'5.7.3 Authentication unsuccessful [CP3P284CA0122.BRAP284.PROD.OUTLOOK.COM 2024-04-02T17:37:35.326Z 08DC52BB19683C5E]')
Erro ao enviar e-mail: lauren29@example.org error: (535, b'5.7.3 Authentication unsuccessful [CP3P284CA0123.BRAP284.PROD.OUTLOOK.COM 2024-04-02T17:37:35.447Z 08DC52E64C1312EA]')Erro ao enviar e-mail: ohensley@example.net error: (535, b'5.7.3 Authentication unsuccessful [CPYP284CA0038.BRAP284.PROD.OUTLOOK.COM 2024-04-02T17:37:35.551Z 08DC5182B043FD4C]')

Erro ao enviar e-mail: kathryngonzalez@example.org error: (535, b'5.7.3 Authentication unsuccessful [CP4P284CA0003.BRAP284.PROD.OUTLOOK.COM 2024-04-02T17:37:34.939Z 08DC524920388658]')
Erro ao enviar e-mail: pward@example.com error: (535, b'5.7.3 Authentication unsuccessful [CP5P284CA0141.BRAP284.PROD.OUTLOOK.COM 2024-04-02T17:37:36.231Z 08DC52FBAD283B4F]')
Erro ao enviar e-mail: dianadowns@example.net error: (535, b'5.7.3 Authentication unsuccessful [CPYP284CA0037.BRAP284.PROD.OUTLOOK.COM 2024-04-02T17:37:36.426Z 08DC514F30AEA5DF]')
Erro ao enviar e-mail: pinedadebra@example.net error: (535, b'5.7.3 Authentication unsuccessful [CP5P284CA0150.BRAP284.PROD.OUTLOOK.COM 2024-04-02T17:37:36.783Z 08DC52152D9D7CA1]')
Erro ao enviar e-mail: jameswade@example.org error: (535, b'5.7.3 Authentication unsuccessful [CPYP284CA0042.BRAP284.PROD.OUTLOOK.COM 2024-04-02T17:37:37.231Z 08DC518B7C25A2B0]')
Erro ao enviar e-mail: douglas51@example.com error: (535, b'5.7.3 Authentication unsuccessful [CP4P284CA0004.BRAP284.PROD.OUTLOOK.COM 2024-04-02T17:37:37.428Z 08DC52BB14C856A6]')
Erro ao enviar e-mail: hbowen@example.net error: (535, b'5.7.3 Authentication unsuccessful [CP5P284CA0142.BRAP284.PROD.OUTLOOK.COM 2024-04-02T17:37:37.472Z 08DC531F87F55E4C]')
Erro ao enviar e-mail: brianwiley@example.com error: (535, b'5.7.3 Authentication unsuccessful [CPYP284CA0040.BRAP284.PROD.OUTLOOK.COM 2024-04-02T17:37:38.431Z 08DC5157E9DA0B73]')
Erro ao enviar e-mail: debra78@example.org error: (535, b'5.7.3 Authentication unsuccessful [CPYP284CA0041.BRAP284.PROD.OUTLOOK.COM 2024-04-02T17:37:37.556Z 08DC5164267F659E]')
Erro ao enviar e-mail: breannaschmitt@example.net error: (535, b'5.7.3 Authentication unsuccessful [CPYP284CA0039.BRAP284.PROD.OUTLOOK.COM 2024-04-02T17:37:38.626Z 08DC51955032A45B]')
Erro ao enviar e-mail: andrewknapp@example.net error: (535, b'5.7.3 Authentication unsuccessful [CPYP284CA0040.BRAP284.PROD.OUTLOOK.COM 2024-04-02T17:37:38.619Z 08DC5157E9DA0B74]')
Erro ao enviar e-mail: whitneyjoseph@example.net error: (535, b'5.7.3 Authentication unsuccessful [CPYP284CA0039.BRAP284.PROD.OUTLOOK.COM 2024-04-02T17:37:38.907Z 08DC51955032A456]')
Erro ao enviar e-mail: whall@example.com error: (535, b'5.7.3 Authentication unsuccessful [CPYP284CA0038.BRAP284.PROD.OUTLOOK.COM 2024-04-02T17:37:39.192Z 08DC5182B043FD56]')
Erro ao enviar e-mail: lucaswarren@example.org error: (535, b'5.7.3 Authentication unsuccessful [CPYP284CA0054.BRAP284.PROD.OUTLOOK.COM 2024-04-02T17:37:38.294Z 08DC514D97BDC31B]')
Erro ao enviar e-mail: melodyparker@example.org error: (535, b'5.7.3 Authentication unsuccessful [CPYP284CA0053.BRAP284.PROD.OUTLOOK.COM 2024-04-02T17:37:39.292Z 08DC5142E8A7234E]')
Erro ao enviar e-mail: sandra06@example.net error: (535, b'5.7.3 Authentication unsuccessful [CPYP284CA0041.BRAP284.PROD.OUTLOOK.COM 2024-04-02T17:37:39.369Z 08DC5164267F65AF]')
Erro ao enviar e-mail: amandacox@example.org error: (535, b'5.7.3 Authentication unsuccessful [CPYP284CA0041.BRAP284.PROD.OUTLOOK.COM 2024-04-02T17:37:40.275Z 08DC5164267F65A7]')Erro ao enviar e-mail: ashleysantana@example.org error: (535, b'5.7.3 Authentication unsuccessful [CPYP284CA0046.BRAP284.PROD.OUTLOOK.COM 2024-04-02T17:37:40.522Z 08DC51444DD546A8]')
Erro ao enviar e-mail: gtodd@example.com error: (535, b'5.7.3 Authentication unsuccessful [CPYP284CA0039.BRAP284.PROD.OUTLOOK.COM 2024-04-02T17:37:40.469Z 08DC51955032A462]')Erro ao enviar e-mail: robert53@example.com error: (535, b'5.7.3 Authentication unsuccessful [CPYP284CA0042.BRAP284.PROD.OUTLOOK.COM 2024-04-02T17:37:40.778Z 08DC518B7C25A2B7]')


